ts	phase	decision	why	evidence	result
2026-08-15T05:22:06Z	source-locks	Locked the upstream Beads source to v1.2.1.	Compatibility needs one exact source and database contract.	issue:beadshx-m00-02; commit:WORKTREE; artifact:upstream/locks/beads-v1.2.1.json; source-commit:634cbbc4bc580fa5124f63fdf65d137a46d5b4ff	state:worktree; disposition:accepted-for-bootstrap
2026-08-15T05:22:06Z	compiler-lock	Locked the haxe.go reference and implementation commits.	Compiler changes must start from reviewed bytes in an isolated worktree.	issue:beadshx-m00-03; commit:WORKTREE; artifact:upstream/locks/haxe-go.json; source-commit:990d78bcf7a8641ef589cd230b7d69d59beadb84	state:worktree; disposition:accepted-for-bootstrap
2026-08-15T05:22:06Z	cafetera	Reused the existing Cafetera task boundary and Brew owners.	A competing task model would create two authorities for the same work.	issue:beadshx-m00-04; commit:WORKTREE; artifact:engdocs/beadshx/program/cafetera-reconciliation.md; source-commit:c9723630b45bc0ed422fcfbab6b05ddf246d3bc0	state:worktree; disposition:reuse-existing-owners
2026-08-15T05:22:06Z	architecture	Accepted seven architecture records for implementation.	The records separate Haxe behavior from typed native integration and storage ownership.	issue:beadshx-m00-07; commit:WORKTREE; artifact:engdocs/beadshx/decisions/0001-hybrid-haxe-go-ownership.md	state:worktree; disposition:accepted-for-implementation
2026-08-15T05:22:06Z	data-safety	Required disposable markers and native readback for destructive tests.	Bootstrap checks must never write to a primary Beads database.	issue:beadshx-m00-06; commit:WORKTREE; artifact:engdocs/beadshx/operations/data-safety.md	state:worktree; disposition:required
2026-08-15T05:22:06Z	compatibility	Made compatibility exceptions visible and reviewable.	A successful smaller test profile cannot hide missing behavior or evidence.	issue:beadshx-m00-08; commit:WORKTREE; artifact:engdocs/beadshx/program/exceptions.md	state:worktree; disposition:required
2026-08-15T05:22:06Z	upstream-evidence	Captured the complete upstream v1.2.1 baseline.	The port needs a reproducible oracle before it changes behavior.	issue:beadshx-m00-10; commit:WORKTREE; artifact:engdocs/beadshx/evidence/upstream-v1.2.1/manifest.json; source-commit:634cbbc4bc580fa5124f63fdf65d137a46d5b4ff	state:worktree; disposition:baseline-complete
2026-08-15T05:22:06Z	license	Kept the project license matrix in proposed state.	Publication needs an explicit requester decision and later automated release evidence.	issue:beadshx-m00-05; commit:WORKTREE; artifact:engdocs/beadshx/program/license-matrix.md	state:worktree; disposition:requester-approval-required
2026-08-15T05:22:06Z	program-ledger	Created one append-only cross-repository decision trail.	Reviewers need one place to trace issues, commits, evidence, and dispositions.	issue:beadshx-m00-09; commit:WORKTREE; artifact:engdocs/beadshx/program/ledger.md	state:worktree; disposition:implementation-in-progress
2026-08-15T05:28:24Z	source-locks	Committed the accepted Beads source lock.	The implementation commit now preserves the exact source and database contract.	issue:beadshx-m00-02; commit:b762b54bd; artifact:upstream/locks/beads-v1.2.1.json; source-commit:634cbbc4bc580fa5124f63fdf65d137a46d5b4ff	state:committed; disposition:accepted-for-bootstrap
2026-08-15T05:28:24Z	compiler-lock	Committed the accepted haxe.go source locks.	The implementation commit now preserves the reviewed compiler inputs.	issue:beadshx-m00-03; commit:b762b54bd; artifact:upstream/locks/haxe-go.json; source-commit:990d78bcf7a8641ef589cd230b7d69d59beadb84	state:committed; disposition:accepted-for-bootstrap
2026-08-15T05:28:24Z	cafetera	Committed the Cafetera reconciliation decision.	The implementation commit now records the existing task and Brew owners.	issue:beadshx-m00-04; commit:b762b54bd; artifact:engdocs/beadshx/program/cafetera-reconciliation.md; source-commit:c9723630b45bc0ed422fcfbab6b05ddf246d3bc0	state:committed; disposition:reuse-existing-owners
2026-08-15T05:28:24Z	architecture	Committed the seven accepted architecture records.	The implementation commit now records the Haxe, native Go, storage, and compatibility boundaries.	issue:beadshx-m00-07; commit:b762b54bd; artifact:engdocs/beadshx/decisions/0001-hybrid-haxe-go-ownership.md	state:committed; disposition:accepted-for-implementation
2026-08-15T05:28:24Z	data-safety	Committed the destructive-test safety contract.	The implementation commit now requires disposable markers and native readback.	issue:beadshx-m00-06; commit:b762b54bd; artifact:engdocs/beadshx/operations/data-safety.md	state:committed; disposition:required
2026-08-15T05:28:24Z	compatibility	Committed the compatibility exception policy.	The implementation commit now prevents smaller test profiles from hiding missing behavior.	issue:beadshx-m00-08; commit:b762b54bd; artifact:engdocs/beadshx/program/exceptions.md	state:committed; disposition:required
2026-08-15T05:28:24Z	upstream-evidence	Committed the complete upstream v1.2.1 baseline.	The implementation commit now preserves the reproducible compatibility oracle.	issue:beadshx-m00-10; commit:b762b54bd; artifact:engdocs/beadshx/evidence/upstream-v1.2.1/manifest.json; source-commit:634cbbc4bc580fa5124f63fdf65d137a46d5b4ff	state:committed; disposition:baseline-complete
2026-08-15T05:28:24Z	license	Committed the proposed license matrix without approving it.	Publication still needs an explicit requester decision and later release evidence.	issue:beadshx-m00-05; commit:b762b54bd; artifact:engdocs/beadshx/program/license-matrix.md	state:committed; disposition:requester-approval-required
2026-08-15T05:28:24Z	program-ledger	Committed the cross-repository decision trail.	The implementation commit now gives reviewers one durable trace from issues to artifacts.	issue:beadshx-m00-09; commit:b762b54bd; artifact:engdocs/beadshx/program/ledger.md	state:committed; disposition:implementation-complete
2026-08-15T05:32:46Z	license	Approved MIT for BeadsHX-authored source and the recorded attribution plan.	MIT preserves the upstream project boundary while exact generated notices cover compiler-owned output.	issue:beadshx-m00-05; commit:WORKTREE; artifact:engdocs/beadshx/program/license-matrix.md	state:worktree; disposition:requester-approved
2026-08-15T05:33:09Z	license	Committed the approved MIT license and attribution plan.	The implementation commit adds a fail-closed check for the fixed source and generated-notice boundaries.	issue:beadshx-m00-05; commit:3f729fcbf; artifact:engdocs/beadshx/program/license-matrix.md	state:committed; disposition:approval-implemented
2026-08-15T05:40:07Z	toolchains	Locked the shared tools, Linux native profile, Dolt modules, and CI actions.	Clean machines must reject unapproved compiler, runner, dependency, or auxiliary-tool drift.	issue:beadshx-m01-04; commit:WORKTREE; artifact:engdocs/beadshx/program/toolchain-locks.json	state:worktree; disposition:accepted-for-bootstrap
2026-08-15T05:40:35Z	toolchains	Committed the fail-closed bootstrap toolchain policy.	The implementation commit connects exact locks to local checks, negative tests, and the Linux CI profile.	issue:beadshx-m01-04; commit:8527a4318; artifact:engdocs/beadshx/program/toolchain-locks.json	state:committed; disposition:implementation-complete
2026-08-15T05:50:28Z	base-ci	Split bootstrap checks into six evidence-owning Linux jobs.	Oracle, parity, license, secret, artifact, and final-gate results must remain distinct and traceable.	issue:beadshx-m01-07; commit:WORKTREE; artifact:.github/workflows/beadshx-bootstrap.yml	state:worktree; disposition:hosted-run-required
2026-08-15T05:50:52Z	base-ci	Committed the six-lane bootstrap workflow and local policy evidence.	Hosted GitHub execution remains a separate external result and cannot be inferred from local checks.	issue:beadshx-m01-07; commit:166bf62a7; artifact:.github/workflows/beadshx-bootstrap.yml	state:committed; disposition:hosted-run-required
2026-08-15T06:22:16Z	build-commands	Added one machine-readable command surface for bootstrap development.	Contributors need deterministic entry points without confusing inherited upstream targets with BeadsHX evidence.	issue:beadshx-m01-05; commit:WORKTREE; artifact:engdocs/beadshx/operations/build-commands.md	state:worktree; disposition:verification-required
2026-08-15T06:24:10Z	build-commands	Made every multi-step command stop at its first failed step.	The first lint probe showed that a later successful check could hide an earlier missing tool.	issue:beadshx-m01-05; commit:WORKTREE; artifact:scripts/beadshx/test-command-surface.sh	state:worktree; disposition:regression-covered
2026-08-15T06:25:18Z	build-commands	Verified the complete bootstrap command surface and deterministic package.	The public full test passed, both development identities were observed, and repeated archives had the same digest.	issue:beadshx-m01-05; commit:WORKTREE; artifact:scripts/beadshx/command.sh	state:worktree; disposition:ready-to-commit
2026-08-15T06:26:11Z	build-commands	Committed the complete bootstrap command surface and its focused regression.	The commit preserves the development-only identity and records every supported command in one guide.	issue:beadshx-m01-05; commit:c641b2708; artifact:engdocs/beadshx/operations/build-commands.md	state:committed; disposition:complete
2026-08-15T06:31:10Z	generated-source	Committed hashes instead of generated Go as the bootstrap drift fixture.	Haxe remains the authored source while reviewers can detect every changed product byte and find its exact owners.	issue:beadshx-m01-06; commit:WORKTREE; artifact:engdocs/beadshx/generated/bootstrap-fixture.json	state:worktree; disposition:verification-required
2026-08-15T06:32:40Z	generated-source	Excluded Reflaxe cleanup metadata from source and package byte claims.	The metadata sequence ID changes between equivalent builds, while product Go and notices remain stable and fully checked.	issue:beadshx-m01-06; commit:WORKTREE; artifact:engdocs/beadshx/generated/README.md	state:worktree; disposition:bookkeeping-excluded
2026-08-15T06:34:18Z	generated-source	Verified drift rejection, owner diagnostics, archive inclusion, and repeatable package bytes.	The full bootstrap, oracle, parity, lint, command, and CI-policy checks also passed locally.	issue:beadshx-m01-06; commit:WORKTREE; artifact:scripts/beadshx/test-generated-governance.sh	state:worktree; disposition:ready-to-commit
2026-08-15T06:36:03Z	generated-source	Committed the generated-byte fixture, owner diagnostics, CI check, and archive enforcement.	The repository can now detect product-byte drift without committing or hand-editing generated Go.	issue:beadshx-m01-06; commit:2672aa24f; artifact:engdocs/beadshx/generated/bootstrap-fixture.json	state:committed; disposition:complete
2026-08-15T06:39:10Z	release-identity	Defined separate BeadsHX development, upstream oracle, release metadata, module, user-agent, and alias identities.	A machine-readable policy prevents bootstrap work from silently impersonating upstream or authorizing a future alias.	issue:beadshx-m01-09; commit:WORKTREE; artifact:release/identity-policy.json	state:worktree; disposition:verification-required
2026-08-15T06:41:33Z	release-identity	Verified honest development identity and rejected an upstream name, false compatibility commit, and early bd alias.	Full bootstrap, oracle, parity, package, command, CI-policy, and workflow syntax checks passed locally.	issue:beadshx-m01-09; commit:WORKTREE; artifact:scripts/beadshx/test-release-identity.sh	state:worktree; disposition:ready-to-commit
2026-08-15T06:42:08Z	release-identity	Committed the BeadsHX identity policy, rejection checks, CI step, and package evidence.	Future runtime identity work now has one fail-closed contract without claiming that bootstrap commands are compatible.	issue:beadshx-m01-09; commit:7719e45b2; artifact:release/identity-policy.json	state:committed; disposition:complete
2026-08-15T06:47:30Z	caf-provider-intent	Defined an unselected and non-executing BeadsHX candidate against existing Cafetera TaskPort capability and effect names.	The authored record states source, fallback, and future proof requirements without becoming a Caf module manifest or claiming observed state.	issue:beadshx-m01-10; commit:WORKTREE; artifact:caf/providers/beadshx-task-port.intent.json	state:worktree; disposition:verification-required
2026-08-15T06:47:31Z	caf-provider-intent	Rejected selection, task facts, local paths, broad effects, and success claims, and proved the descriptor is outside build and package inputs.	Focused, bootstrap, command, lint, full test, package, CI-policy, and workflow checks passed locally. Hosted execution remains blocked by the tracked account limit.	issue:beadshx-m01-10; commit:WORKTREE; artifact:scripts/beadshx/test-caf-provider-intent.sh	state:worktree; disposition:ready-to-commit
2026-08-15T06:48:10Z	caf-provider-intent	Committed the removable Caf provider intent, strict validator, rejection fixtures, command, and CI wiring.	BeadsHX now records future integration intent without selecting a provider or adding a runtime and database dependency.	issue:beadshx-m01-10; commit:14d33dd13; artifact:caf/providers/beadshx-task-port.intent.json	state:committed; disposition:complete
2026-08-26T06:52:33Z	compiler-lock	Advanced the BeadsHX compiler lock to the reviewed map-iterator ABI fix.	Authored Haxe ready policy requires typed iteration over anonymous-record maps; the reusable compiler repair merged before the consumer accepted it.	issue:beadshx-m08-06; compiler-issue:haxe_go-1b7m; commit:WORKTREE; pr:https://github.com/fullofcaffeine/reflaxe.go/pull/49; source-commit:c38525bd57886af0102ecb2708a57bb0c60dc963; artifact:upstream/locks/haxe-go.json	state:worktree; disposition:merged-and-consumer-verified
2026-08-26T06:52:33Z	ready-read-models	Implemented gated, molecule, and blocked-state ready semantics in authored Haxe.	The last M08-06 command modes must preserve upstream v1.2.1 output and strict read-only behavior without moving product policy into handwritten Go.	issue:beadshx-m08-06; commit:WORKTREE; artifact:src/beadshx/ready; evidence:build/evidence/commands/focused.log; evidence:build/evidence/commands/parity.log; evidence:build/evidence/commands/generated.log; evidence:build/evidence/commands/native-pressure.log	state:worktree; disposition:landing-gates-in-progress
2026-08-26T08:02:22Z	compiler-lock	Committed the reviewed haxe.go map-iterator ABI fix and regenerated consumer evidence.	The landed source now records the exact merged compiler bytes that passed the original BeadsHX runtime path.	issue:beadshx-m08-06; compiler-issue:haxe_go-1b7m; commit:679b2f154; pr:https://github.com/fullofcaffeine/reflaxe.go/pull/49; source-commit:c38525bd57886af0102ecb2708a57bb0c60dc963; artifact:upstream/locks/haxe-go.json	state:committed; disposition:complete
2026-08-26T08:02:22Z	ready-read-models	Committed the complete Haxe-owned ready read model.	Exact upstream parity, zero-write behavior, generated governance, native-pressure, lint, pre-commit, focused tests, and the full inherited suite all pass.	issue:beadshx-m08-06; commit:679b2f154; artifact:src/beadshx/ready; evidence:build/evidence/commands/test-focused.log; evidence:build/evidence/commands/parity.log; evidence:build/evidence/commands/generated.log; evidence:build/evidence/commands/native-pressure.log	state:committed; disposition:complete
2026-08-27T17:00:03Z	compiler-lock	Advanced the BeadsHX compiler lock to the reviewed exact Go string-slice ABI.	The Haxe-authored dependency reader requires exported Go []string requests without changing the legacy pointer-string slice contract or adding a handwritten product wrapper.	issue:beadshx-m08-07; compiler-issue:haxe_go-sn50; commit:WORKTREE; pr:https://github.com/fullofcaffeine/reflaxe.go/pull/53; source-commit:3e34bac06c127ea778cb9e10855b1628ec895856; artifact:upstream/locks/haxe-go.json	state:worktree; disposition:merged-and-consumer-verified
2026-08-27T17:00:03Z	dependency-reads	Implemented the first dep-list vertical slice in authored Haxe over the exported typed EdgeReader role.	Haxe owns ID resolution, exact-versus-batch selection, type validation and filtering, DTO copying, and output; native Go owns only strict read-session capability construction and lifetime.	issue:beadshx-m08-07; commit:WORKTREE; artifact:src/beadshx/cli/Application.hx; artifact:src/beadshx/nativeextern/issueops; evidence:disposable-runtime-parity	state:worktree; disposition:landing-gates-in-progress
2026-08-27T20:14:40Z	architecture	Superseded the hybrid first-party Go boundary with complete Haxe ownership of upstream Beads implementation code.	Standard-library and independent third-party Go libraries remain precise extern targets; existing Beads Go facades and externs are migration scaffolding and cannot satisfy final port closure.	issue:beadshx-m04-10; issue:beadshx-m07-03; issue:beadshx-m08-07; compiler-issue:haxe_go-etak; commit:WORKTREE; pr:https://github.com/fullofcaffeine/reflaxe.go/pull/54; artifact:engdocs/beadshx/decisions/0008-complete-haxe-first-party-ownership.md	state:worktree; disposition:accepted-for-implementation
2026-08-27T20:14:40Z	dependency-reads	Reclassified the issueops.EdgeReader vertical slice as transitional compiler and compatibility tracer evidence.	The slice proves exact extern ABI and Haxe dependency semantics, but m08-07 remains open until the first-party issueops and storage path is replaced by Haxe over independent library boundaries.	issue:beadshx-m07-03; issue:beadshx-m08-07; commit:WORKTREE; artifact:src/beadshx/relation; artifact:src/beadshx/nativeextern/issueops	state:worktree; disposition:removal-tracked-scaffolding
